experimentSetID,numMonomers,dim,b,Nc,keepCL,diffusionConstant,numRealisations,dt,dt_relax,numSteps,excludedVolumeCutOff,waitingSteps,iterationsNumber,MSRG_atEncounter,Ensemble_MSRG,MeanInterBreakDistance
0,[40 40],3,0.2,"[[5 0]
 [0 5]]",False,0.008,5,0.01,0.01,200,0.1,200,5,[0.         0.87824238 0.         0.         0.        ],0.1756484752675797,"[[0.13084178 0.33626664 0.26833488 0.46035712 0.39195341 0.07518118]
 [0.13454826 0.33351135 0.26674777 0.46182908 0.39549884 0.07407469]
 [0.13402252 0.34401583 0.26716225 0.47240407 0.39594452 0.0867994 ]
 ...
 [0.11994532 0.31359106 0.29737731 0.4176713  0.39239225 0.07703535]
 [0.12143389 0.31413026 0.29922979 0.41720898 0.39355153 0.07643383]
 [0.12043009 0.31559769 0.2931734  0.42093045 0.39235725 0.07196138]]"
1,[40 40],3,0.2,"[[5 0]
 [0 5]]",False,0.008,5,0.01,0.01,200,0,200,5,[0.         0.54896479 0.         0.         0.        ],0.10979295768685049,"[[0.1258833  0.33788641 0.33484869 0.31480658 0.25571591 0.15511656]
 [0.12391301 0.33912329 0.33036702 0.31529884 0.25254433 0.15260702]
 [0.13038065 0.33917697 0.33175187 0.3120553  0.24793646 0.15244345]
 ...
 [0.16831284 0.36476821 0.43586767 0.28751469 0.32175505 0.11210489]
 [0.15641004 0.3594229  0.43032637 0.28332229 0.32165778 0.10896303]
 [0.16046853 0.3643457  0.43008765 0.28405354 0.31809002 0.10325915]]"
