experimentSetID,numMonomers,dim,b,Nc,keepCL,diffusionConstant,numRealisations,dt,dt_relax,numSteps,excludedVolumeCutOff,waitingSteps,iterationsNumber,MSRG_atEncounter,Ensemble_MSRG,MeanInterBreakDistance
0,[40 40],3,0.2,"[[5 0]
 [0 5]]",False,0.008,50,0.01,0.01,1000,0.1,200,50,"[0.         0.82244482 0.         0.         0.         0.
 0.         0.         0.         0.         0.         0.
 0.         0.         0.         0.         0.         0.
 0.         0.         0.         0.         0.         0.
 0.         0.         0.         0.         0.         0.
 0.         0.         0.         0.         0.         0.
 0.         0.         0.         0.         0.         0.
 0.         0.         0.         0.         0.         0.
 0.         0.        ]",0.016448896317715046,"[[0.00708306 0.03430299 0.02846883 0.03614871 0.02986911 0.01128344]
 [0.00698447 0.03477933 0.02870225 0.03678526 0.03021611 0.01201083]
 [0.007056   0.03473507 0.02898219 0.03664237 0.03054463 0.01198933]
 ...
 [0.00696847 0.04066207 0.04432499 0.03444476 0.03826899 0.00509668]
 [0.00712694 0.04122969 0.04466517 0.03504059 0.03868653 0.00518674]
 [0.00644893 0.04074958 0.04399838 0.03519597 0.03866661 0.00502513]]"
1,[40 40],3,0.2,"[[5 0]
 [0 5]]",False,0.008,50,0.01,0.01,1000,0,200,50,"[0.         0.65445302 0.         0.         0.         0.
 0.         0.         0.         0.         0.         0.
 0.         0.         0.         0.         0.         0.
 0.         0.         0.         0.         0.         0.
 0.         0.         0.         0.         0.         0.
 0.         0.         0.         0.         0.         0.
 0.         0.         0.         0.         0.         0.
 0.         0.         0.         0.         0.         0.
 0.         0.        ]",0.013089060490450843,"[[0.00590893 0.01591519 0.00969121 0.01584196 0.00999851 0.00929464]
 [0.005509   0.01519712 0.0093884  0.01524634 0.0100786  0.00870207]
 [0.00554379 0.01505059 0.0097091  0.01529933 0.0104647  0.00803042]
 ...
 [0.01026227 0.0126765  0.00727445 0.02094443 0.01395108 0.00981385]
 [0.01027473 0.01242459 0.00740191 0.02065503 0.01371706 0.00971184]
 [0.01076086 0.01279754 0.00720397 0.02113858 0.01361452 0.01034753]]"
