experimentSetID,numMonomers,dim,b,Nc,keepCL,diffusionConstant,numRealisations,dt,dt_relax,numSteps,excludedVolumeCutOff,waitingSteps,iterationsNumber,MSRG_atEncounter,Ensemble_MSRG,MeanInterBreakDistance
0,[40 40],3,0.2,"[[5 0]
 [0 5]]",False,0.008,5,0.01,0.01,1000,0.1,200,5,[0.         0.36119354 0.         0.         0.        ],0.07223870701714866,"[[0.07651117 0.22870556 0.10207474 0.22980086 0.13509844 0.13389396]
 [0.07379778 0.23095106 0.09831153 0.23347984 0.13467589 0.14189431]
 [0.07529762 0.22966402 0.09605359 0.23579597 0.13681741 0.14337645]
 ...
 [0.05191383 0.17109003 0.09829242 0.20594187 0.09572156 0.17498691]
 [0.0536401  0.1751786  0.10501454 0.2056724  0.09693798 0.17667123]
 [0.05396036 0.17048929 0.10874856 0.2035804  0.10329069 0.17624109]]"
1,[40 40],3,0.2,"[[5 0]
 [0 5]]",False,0.008,5,0.01,0.01,1000,0,200,5,[0.         0.82743659 0.         0.         0.        ],0.16548731730745878,"[[0.02912023 0.25501029 0.37791625 0.2329504  0.35271693 0.17702461]
 [0.03005227 0.25546292 0.37816885 0.23337258 0.3534084  0.17810271]
 [0.03068555 0.2608209  0.38251294 0.23924425 0.35705785 0.18172601]
 ...
 [0.10656966 0.28846328 0.39093392 0.25517553 0.39686548 0.20709179]
 [0.10608599 0.28481369 0.38860741 0.25029412 0.39219761 0.20252766]
 [0.10817925 0.289559   0.39178665 0.25736205 0.39613729 0.1998709 ]]"
