experimentSetID,numMonomers,dim,b,Nc,keepCL,diffusionConstant,numRealisations,dt,dt_relax,numSteps,excludedVolumeCutOff,waitingSteps,iterationsNumber,MSRG_atEncounter,Ensemble_MSRG,MeanInterBreakDistance
0,[40 40],3,0.2,"[[5 0]
 [0 5]]",False,0.008,5,0.01,0.01,20,0.1,200,5,[0.         1.03643451 0.         0.         0.        ],0.2072869021289277,"[[0.05368148 0.34898651 0.31355864 0.30351912 0.26612083 0.18341202]
 [0.05724634 0.35284206 0.31019378 0.30321171 0.25830608 0.18580085]
 [0.06094203 0.35870688 0.30882645 0.30569659 0.25304043 0.18814991]
 [0.05878237 0.35025764 0.30735357 0.30155291 0.2544558  0.18028301]
 [0.0552558  0.34939872 0.30812871 0.30391478 0.25719975 0.18252866]
 [0.05812667 0.34945338 0.31297693 0.30220601 0.2583031  0.18230853]
 [0.06327425 0.3538596  0.31667311 0.30318227 0.2580229  0.18716887]
 [0.0597297  0.35605685 0.31872364 0.30863969 0.26336887 0.18574893]
 [0.05782954 0.35320481 0.31971183 0.30538651 0.2643417  0.18441954]
 [0.06629328 0.35186458 0.32863979 0.29684504 0.26424909 0.18454363]
 [0.05922627 0.3546558  0.32909379 0.30471811 0.27129564 0.18152151]
 [0.06352294 0.35482098 0.33018906 0.30438583 0.267336   0.18629185]
 [0.0569791  0.35302785 0.32586345 0.30530523 0.26894691 0.18411409]
 [0.05700812 0.35056424 0.32636708 0.29977665 0.27010114 0.18434374]
 [0.05966189 0.35670639 0.33092656 0.30238361 0.27336788 0.18975738]
 [0.05897222 0.35960078 0.32689601 0.30676891 0.27212299 0.18892368]
 [0.05510101 0.35801884 0.32634921 0.30945997 0.27505222 0.18826797]
 [0.04993557 0.3545388  0.32016342 0.30875771 0.2726593  0.18920593]
 [0.05242817 0.35246253 0.31945924 0.30513668 0.27043194 0.18581943]
 [0.04947468 0.34786786 0.31479113 0.30388712 0.26771194 0.18538829]
 [0.05627452 0.34610084 0.31965785 0.30148734 0.26894296 0.18557144]]"
