experimentSetID,numMonomers,dim,b,Nc,keepCL,diffusionConstant,numRealisations,dt,dt_relax,excludedVolumeCutOff,waitingSteps,numMaxSteps,encounterDistance,genomicDistance,Nb,Nc_inDamageFoci,iterationsNumber,events,FETs,meanFET,halfCI_FET,expFit_Amplitude,expFit_Rate,eventsCounter,repair_probability,repair_CIhalflength,mean_removedCLs,MSRG_atEncounter,Ensemble_MSRG
0_0,100,3,0.2,10,True,0.008,5,0.005,0.01,0.1,200,9000,0.05,2,2,1,5,['Misrepair_a1-b2' 'Repair' 'Misrepair_a2-b1' 'Repair' 'Misrepair_a2-b1'],[6.54  0.04  0.17  2.92  1.225],2.179,2.114218485133455,0.6273099998820091,0.6336994094845462,"Counter({'Repair': 2, 'Misrepair_a2-b1': 2, 'Misrepair_a1-b2': 1})",0.4,0.4294144850840502,0.0,[0.76245171 0.29725253 0.4273533  0.53237837 0.70961664],0.5458105099149293
0_1,100,3,0.2,10,True,0.008,5,0.005,0.01,0.1,200,9000,0.05,7,2,1,5,['Repair' 'Repair' 'Repair' 'Repair' 'Repair'],[ 2.54  13.365  3.35   5.37   7.795],6.484,3.4102866785770374,0.29758879601007504,0.16209441689534818,Counter({'Repair': 5}),1.0,0.0,0.0,[0.37678501 1.76180604 1.29951681 0.67938866 1.50779175],1.1250576555249114
1_0,100,3,0.2,10,True,0.008,5,0.005,0.01,0.2,200,9000,0.05,2,2,1,5,"['Misrepair_a2-b1' 'Misrepair_a1-b2' 'Misrepair_a1-b1' 'Repair'
 'Misrepair_a1-b1']",[0.    0.    0.145 0.    0.   ],0.028999999999999998,0.05083924153643521,-1,-1,"Counter({'Misrepair_a1-b1': 2, 'Misrepair_a2-b1': 1, 'Misrepair_a1-b2': 1, 'Repair': 1})",0.2,0.35061545887196705,0.0,[0.93038543 0.47053867 0.82260558 1.21278123 1.2236344 ],0.9319890589674593
1_1,100,3,0.2,10,True,0.008,5,0.005,0.01,0.2,200,9000,0.05,7,2,1,5,['Repair' 'Misrepair_a1-b1' 'Repair' 'Misrepair_a2-b1' 'Repair'],[0.   0.16 0.67 0.12 0.41],0.272,0.21003300007379794,178.47150597966584,46.668637122207514,"Counter({'Repair': 3, 'Misrepair_a1-b1': 1, 'Misrepair_a2-b1': 1})",0.6,0.4294144850840502,0.0,[0.53950553 0.93562208 1.12875319 1.23239805 0.71190177],0.9096361243765406
