experimentSetID,numMonomers,dim,b,Nc,keepCL,diffusionConstant,numRealisations,dt,dt_relax,numSteps,excludedVolumeCutOff,waitingSteps,encounterDistance,iterationsNumber,MSRG_atEncounter,Ensemble_MSRG,MeanInterBreakDistance
0,[100 100 100],3,0.2,"[[10  0  0]
 [ 0 10  0]
 [ 0  0 10]]",False,0.008,10,0.01,0.01,5000,0,250,0.1,10,"[0.         0.         6.16310877 0.         0.         0.
 0.         0.         0.         0.        ]",0.6163108765484203,"[[0.03014005 0.34433982 0.29268284 ... 0.35542403 0.35607479 0.01381911]
 [0.02825368 0.34288629 0.29397212 ... 0.35446588 0.35358551 0.01489482]
 [0.02922715 0.34334207 0.29435779 ... 0.35162168 0.35203911 0.01669978]
 ...
 [0.07231033 0.35102506 0.29638153 ... 0.32239234 0.31591029 0.0532408 ]
 [0.07463352 0.35001688 0.29593512 ... 0.32340894 0.31664135 0.05506381]
 [0.07170038 0.3496105  0.29489186 ... 0.32480989 0.3177304  0.05869943]]"
