experimentSetID,numMonomers,dim,b,Nc,keepCL,diffusionConstant,numRealisations,dt,dt_relax,numSteps,excludedVolumeCutOff,waitingSteps,encounterDistance,iterationsNumber,MSRG_atEncounter,Ensemble_MSRG,MeanInterBreakDistance
0,[100 100 100],3,0.2,"[[10  0  0]
 [ 0 10  0]
 [ 0  0 10]]",False,0.008,10,0.01,0.01,5000,0,250,0.1,10,"[0.         0.         2.47115966 0.         0.         0.
 0.         0.         0.         0.        ]",0.2471159657079261,"[[0.04059478 0.18892313 0.18715634 ... 0.28709883 0.23065926 0.07847338]
 [0.04013475 0.18640545 0.18865186 ... 0.28705009 0.23293141 0.07611744]
 [0.0398983  0.18919048 0.19058816 ... 0.28770259 0.23641055 0.07437381]
 ...
 [0.09472972 0.18843034 0.17198429 ... 0.21361756 0.22573551 0.03220473]
 [0.09262517 0.1886352  0.17315512 ... 0.21505883 0.22457415 0.03180819]
 [0.09270816 0.19075247 0.17402919 ... 0.21358057 0.22574391 0.02960135]]"
